[
  {
      "id": 1,
      "message": "Wishing you a spook-tacular Halloween filled with frights and delights!"
  },
  {
      "id": 2,
      "message": "May the ghosts of Halloween haunt you with happiness and fill your night with eerie cheer!"
  },
  {
      "id": 3,
      "message": "Beware the creatures of the night; they bring tricks and treats in equal measure!"
  },
  {
      "id": 4,
      "message": "When witches go riding and black cats are seen, it's time to celebrate – Happy Halloween!"
  },
  {
      "id": 5,
      "message": "May your Halloween be as spooky as you are!"
  },
  {
      "id": 6,
      "message": "The night is dark, the moon is high; may the spirits of Halloween be with you as they fly!"
  },
  {
      "id": 7,
      "message": "Trick or treat? Choose wisely and may your night be sweet!"
  },
  {
      "id": 8,
      "message": "On this eerie night, may you dance with the spirits and celebrate with the ghouls!"
  },
  {
      "id": 9,
      "message": "From goblins to ghosts and witches to werewolves, wishing you a night filled with mythical merriment!"
  },
  {
      "id": 10,
      "message": "Let the haunted festivities begin! Have a magical and thrilling Halloween night!"
  }
]
